{"precision": 0.6711111068725586, "recall": 0.6664934754371643, "_timestamp": 1655033154, "_runtime": 283, "_step": 107, "gradients/fc.bias": {"_type": "histogram", "values": [1.0, 1.0, 0.0, 0.0, 0.0, 0.0, 0.0, 0.0, 0.0, 0.0, 0.0, 0.0, 0.0, 0.0, 0.0, 0.0, 0.0, 1.0, 0.0, 0.0, 0.0, 0.0, 0.0, 0.0, 0.0, 0.0, 0.0, 0.0, 0.0, 0.0, 0.0, 0.0, 0.0, 0.0, 0.0, 1.0, 0.0, 0.0, 0.0, 0.0, 0.0, 0.0, 0.0, 0.0, 0.0, 0.0, 0.0, 0.0, 0.0, 0.0, 0.0, 0.0, 0.0, 0.0, 0.0, 0.0, 0.0, 0.0, 0.0, 0.0, 0.0, 0.0, 0.0, 1.0], "bins": [-0.05353948846459389, -0.05128613859415054, -0.0490327849984169, -0.046779435127973557, -0.04452608525753021, -0.04227273166179657, -0.040019381791353226, -0.03776603192090988, -0.03551267832517624, -0.033259328454732895, -0.0310059767216444, -0.028752624988555908, -0.026499275118112564, -0.02424592338502407, -0.021992571651935577, -0.019739221781492233, -0.01748587191104889, -0.01523252110928297, -0.012979170307517052, -0.010725818574428558, -0.00847246777266264, -0.006219116970896721, -0.0039657652378082275, -0.0017124153673648834, 0.0005409382283687592, 0.0027942892629653215, 0.005047640297561884, 0.00730099156498909, 0.009554342366755009, 0.011807693168520927, 0.01406104490160942, 0.016314394772052765, 0.018567748367786407, 0.0208211001008749, 0.023074449971318245, 0.02532780170440674, 0.027581151574850082, 0.029834503307938576, 0.03208785504102707, 0.03434120491147041, 0.03659455478191376, 0.0388479046523571, 0.041101258248090744, 0.04335460811853409, 0.04560795798897743, 0.047861307859420776, 0.05011466145515442, 0.05236801132559776, 0.054621364921331406, 0.05687471479177475, 0.05912806838750839, 0.061381418257951736, 0.06363476812839508, 0.06588812172412872, 0.06814147531986237, 0.07039482146501541, 0.07264817506074905, 0.0749015286564827, 0.07715487480163574, 0.07940822839736938, 0.08166158199310303, 0.08391492813825607, 0.08616828173398972, 0.08842162787914276, 0.0906749814748764]}, "gradients/fc.weight": {"_type": "histogram", "values": [1.0, 0.0, 0.0, 0.0, 0.0, 0.0, 2.0, 1.0, 0.0, 0.0, 1.0, 3.0, 2.0, 2.0, 2.0, 1.0, 4.0, 8.0, 10.0, 12.0, 14.0, 30.0, 28.0, 45.0, 48.0, 77.0, 105.0, 114.0, 151.0, 168.0, 203.0, 271.0, 329.0, 417.0, 473.0, 522.0, 588.0, 709.0, 826.0, 916.0, 819.0, 676.0, 544.0, 455.0, 371.0, 280.0, 221.0, 192.0, 143.0, 118.0, 89.0, 75.0, 52.0, 35.0, 26.0, 17.0, 14.0, 8.0, 4.0, 8.0, 4.0, 4.0, 0.0, 2.0], "bins": [-0.1795910894870758, -0.1749405711889267, -0.1702900528907776, -0.16563953459262848, -0.16098901629447937, -0.15633849799633026, -0.15168797969818115, -0.14703747630119324, -0.14238694310188293, -0.13773642480373383, -0.13308590650558472, -0.1284353882074356, -0.1237848699092865, -0.11913435161113739, -0.11448384076356888, -0.10983332246541977, -0.10518281161785126, -0.10053229331970215, -0.09588177502155304, -0.09123125672340393, -0.08658073842525482, -0.08193022012710571, -0.0772797092795372, -0.07262919098138809, -0.06797867268323898, -0.06332815438508987, -0.058677636086940765, -0.054027121514081955, -0.049376603215932846, -0.04472608491778374, -0.04007557034492493, -0.03542505204677582, -0.030774541199207306, -0.026124022901058197, -0.021473506465554237, -0.016822990030050278, -0.012172471731901169, -0.00752195343375206, -0.0028714369982481003, 0.0017790794372558594, 0.006429597735404968, 0.011080115102231503, 0.015730632469058037, 0.020381148904561996, 0.025031667202711105, 0.029682185500860214, 0.034332700073719025, 0.038983218371868134, 0.04363373667001724, 0.04828425496816635, 0.05293477326631546, 0.05758528783917427, 0.06223580613732338, 0.06688632071018219, 0.0715368390083313, 0.07618735730648041, 0.08083787560462952, 0.08548839390277863, 0.09013891220092773, 0.09478943049907684, 0.09943994879722595, 0.10409046709537506, 0.10874097794294357, 0.11339149624109268, 0.11804201453924179]}, "_wandb": {"runtime": 340}}