{"precision": 0.6428571343421936, "recall": 0.6150000691413879, "_timestamp": 1655068547, "_runtime": 58, "_step": 8, "_wandb": {"runtime": 58}}