{"precision": 0.800000011920929, "recall": 0.7555555701255798, "_timestamp": 1654972644, "_runtime": 285, "_step": 107, "gradients/fc.bias": {"_type": "histogram", "values": [1.0, 0.0, 1.0, 0.0, 0.0, 0.0, 1.0, 0.0, 0.0, 0.0, 0.0, 0.0, 0.0, 0.0, 0.0, 0.0, 0.0, 0.0, 0.0, 0.0, 0.0, 0.0, 0.0, 0.0, 0.0, 0.0, 0.0, 0.0, 0.0, 0.0, 0.0, 0.0, 0.0, 0.0, 0.0, 0.0, 0.0, 0.0, 0.0, 0.0, 0.0, 0.0, 0.0, 0.0, 0.0, 0.0, 0.0, 0.0, 0.0, 0.0, 0.0, 0.0, 0.0, 0.0, 0.0, 1.0, 0.0, 0.0, 0.0, 0.0, 0.0, 0.0, 0.0, 1.0], "bins": [-0.07970422506332397, -0.07660970836877823, -0.07351519167423248, -0.07042066752910614, -0.0673261508345604, -0.06423163414001465, -0.0611371174454689, -0.05804260075092316, -0.05494808033108711, -0.05185356363654137, -0.04875904321670532, -0.045664526522159576, -0.04257000982761383, -0.039475489407777786, -0.03638097271323204, -0.033286452293395996, -0.03019193559885025, -0.027097417041659355, -0.02400289848446846, -0.020908381789922714, -0.01781386323273182, -0.014719344675540924, -0.011624827980995178, -0.008530309423804283, -0.0054357945919036865, -0.0023412765003740788, 0.000753241591155529, 0.0038477592170238495, 0.006942277774214745, 0.01003679633140564, 0.013131313025951385, 0.01622583158314228, 0.019320346415042877, 0.022414864972233772, 0.025509383529424667, 0.028603900223970413, 0.03169842064380646, 0.0347929373383522, 0.03788745403289795, 0.040981970727443695, 0.04407649487257004, 0.047171011567115784, 0.05026553198695183, 0.053360048681497574, 0.05645456910133362, 0.059549085795879364, 0.06264360249042511, 0.06573811918497086, 0.0688326358795166, 0.07192715257406235, 0.0750216692686081, 0.07811619341373444, 0.08121071010828018, 0.08430522680282593, 0.08739974349737167, 0.09049426019191742, 0.09358878433704376, 0.09668330103158951, 0.09977781772613525, 0.1028723418712616, 0.10596685856580734, 0.10906137526035309, 0.11215589195489883, 0.11525040864944458, 0.11834492534399033]}, "gradients/fc.weight": {"_type": "histogram", "values": [1.0, 0.0, 0.0, 0.0, 0.0, 0.0, 0.0, 0.0, 2.0, 0.0, 0.0, 0.0, 1.0, 2.0, 1.0, 4.0, 5.0, 6.0, 10.0, 15.0, 20.0, 21.0, 18.0, 39.0, 51.0, 67.0, 102.0, 131.0, 184.0, 228.0, 302.0, 352.0, 466.0, 557.0, 698.0, 754.0, 850.0, 790.0, 713.0, 445.0, 408.0, 385.0, 406.0, 384.0, 349.0, 325.0, 272.0, 216.0, 167.0, 137.0, 91.0, 85.0, 52.0, 42.0, 25.0, 19.0, 17.0, 11.0, 6.0, 2.0, 3.0, 0.0, 0.0, 3.0], "bins": [-0.20773008465766907, -0.20225019752979279, -0.1967703104019165, -0.19129042327404022, -0.18581053614616394, -0.18033064901828766, -0.17485076189041138, -0.1693708896636963, -0.1638909876346588, -0.15841110050678253, -0.15293121337890625, -0.14745132625102997, -0.1419714391231537, -0.1364915519952774, -0.13101166486740112, -0.12553179264068604, -0.12005190551280975, -0.11457201838493347, -0.10909213125705719, -0.10361224412918091, -0.09813235700130463, -0.09265246987342834, -0.08717259019613266, -0.08169270306825638, -0.0762128233909607, -0.07073293626308441, -0.06525304913520813, -0.05977316573262215, -0.054293278604745865, -0.04881339147686958, -0.0433335080742836, -0.03785362094640732, -0.03237372636795044, -0.026893839240074158, -0.021413953974843025, -0.015934068709611893, -0.010454181581735611, -0.004974294453859329, 0.000505588948726654, 0.005985476076602936, 0.011465370655059814, 0.016945257782936096, 0.02242514304816723, 0.02790502831339836, 0.03338491544127464, 0.038864802569150925, 0.04434468597173691, 0.04982457309961319, 0.055304452776908875, 0.060784339904785156, 0.06626422703266144, 0.07174411416053772, 0.077224001288414, 0.08270388841629028, 0.08818376809358597, 0.09366365522146225, 0.09914354234933853, 0.10462342947721481, 0.1101033166050911, 0.11558319628238678, 0.12106308341026306, 0.12654297053813934, 0.13202285766601562, 0.1375027447938919, 0.1429826319217682]}, "_wandb": {"runtime": 285}}