{"precision": 0.09529411792755127, "recall": 0.2199999988079071, "_timestamp": 1655046456, "_runtime": 10, "_step": 0, "_wandb": {"runtime": 13}}