{"precision": 0.8027777671813965, "recall": 0.7816666960716248, "_timestamp": 1655052430, "_runtime": 3674, "_step": 892, "gradients/graph_2classifier.1.bias": {"_type": "histogram", "values": [1.0, 0.0, 0.0, 0.0, 0.0, 0.0, 0.0, 0.0, 0.0, 0.0, 0.0, 1.0, 0.0, 0.0, 0.0, 0.0, 0.0, 0.0, 0.0, 0.0, 0.0, 0.0, 0.0, 0.0, 0.0, 0.0, 0.0, 0.0, 0.0, 0.0, 0.0, 0.0, 0.0, 0.0, 0.0, 0.0, 0.0, 0.0, 0.0, 0.0, 0.0, 0.0, 0.0, 0.0, 0.0, 0.0, 0.0, 0.0, 0.0, 0.0, 0.0, 0.0, 0.0, 0.0, 0.0, 0.0, 0.0, 1.0, 0.0, 0.0, 0.0, 0.0, 1.0, 1.0], "bins": [-0.05265180766582489, -0.051305145025253296, -0.0499584786593914, -0.04861181601881981, -0.047265149652957916, -0.04591848701238632, -0.04457182437181473, -0.043225161731243134, -0.04187849536538124, -0.04053183272480965, -0.039185166358947754, -0.03783850371837616, -0.036491841077804565, -0.03514517471194267, -0.03379851207137108, -0.032451845705509186, -0.03110518306493759, -0.029758518561720848, -0.028411854058504105, -0.02706519141793251, -0.025718526914715767, -0.024371862411499023, -0.02302519977092743, -0.021678535267710686, -0.020331870764493942, -0.0189852062612772, -0.017638541758060455, -0.01629187911748886, -0.014945214614272118, -0.013598550111055374, -0.012251886539161205, -0.010905222967267036, -0.009558558464050293, -0.00821189396083355, -0.006865230388939381, -0.0055185663513839245, -0.004171902313828468, -0.002825238276273012, -0.001478574238717556, -0.00013191066682338715, 0.0012147538363933563, 0.0025614178739488125, 0.003908081911504269, 0.005254745949059725, 0.006601409986615181, 0.007948074489831924, 0.009294738061726093, 0.010641401633620262, 0.011988066136837006, 0.013334730640053749, 0.014681394211947918, 0.016028057783842087, 0.01737472228705883, 0.018721386790275574, 0.020068049430847168, 0.02141471393406391, 0.022761378437280655, 0.0241080429404974, 0.025454707443714142, 0.026801370084285736, 0.02814803458750248, 0.029494699090719223, 0.030841361731290817, 0.03218802809715271, 0.033534690737724304]}, "gradients/graph_2classifier.1.weight": {"_type": "histogram", "values": [1.0, 2.0, 1.0, 1.0, 1.0, 7.0, 3.0, 3.0, 4.0, 4.0, 6.0, 11.0, 13.0, 16.0, 13.0, 33.0, 18.0, 29.0, 34.0, 50.0, 52.0, 55.0, 73.0, 82.0, 101.0, 123.0, 148.0, 154.0, 215.0, 285.0, 371.0, 687.0, 1066.0, 698.0, 546.0, 360.0, 248.0, 198.0, 155.0, 117.0, 83.0, 83.0, 64.0, 39.0, 32.0, 32.0, 20.0, 18.0, 7.0, 10.0, 6.0, 6.0, 4.0, 1.0, 4.0, 2.0, 0.0, 0.0, 1.0, 1.0, 0.0, 1.0, 1.0, 1.0], "bins": [-0.07474066317081451, -0.07241719961166382, -0.07009372860193253, -0.06777026504278183, -0.06544680148363113, -0.06312333047389984, -0.060799866914749146, -0.05847640335559845, -0.056152936071157455, -0.05382946878671646, -0.051506005227565765, -0.04918253794312477, -0.04685907065868378, -0.04453560709953308, -0.04221213981509209, -0.03988867253065109, -0.0375652089715004, -0.0352417416870594, -0.03291827812790871, -0.030594810843467712, -0.028271345421671867, -0.025947879999876022, -0.023624412715435028, -0.021300947293639183, -0.018977481871843338, -0.016654016450047493, -0.014330550096929073, -0.012007083743810654, -0.009683618322014809, -0.007360152900218964, -0.005036686547100544, -0.0027132201939821243, -0.0003897473216056824, 0.00193371856585145, 0.004257184453308582, 0.006580650340765715, 0.008904116228222847, 0.011227581650018692, 0.013551048003137112, 0.01587451435625553, 0.018197979778051376, 0.02052144519984722, 0.022844910621643066, 0.02516837790608406, 0.027491843327879906, 0.02981530874967575, 0.032138776034116745, 0.03446224331855774, 0.036785706877708435, 0.03910917416214943, 0.041432637721300125, 0.04375610500574112, 0.046079568564891815, 0.04840303584933281, 0.050726503133773804, 0.0530499666929245, 0.055373433977365494, 0.05769690126180649, 0.060020364820957184, 0.06234383210539818, 0.06466729938983917, 0.06699076294898987, 0.06931422650814056, 0.07163769751787186, 0.07396116107702255]}, "Epochs": 7, "train_loss": 1.4355745683424175, "Train accuracy": 91.425, "Validation accuracy": 0.17618727598566308, "Matthews corr.coef: ": 0.7567174434661865, "F1 score_train: ": 0.8000000715255737, "Cohen Kappa": 0.7493035793304443, "_wandb": {"runtime": 3675}}