{"gradients/fc.bias": {"_type": "histogram", "values": [1.0, 0.0, 1.0, 0.0, 0.0, 0.0, 0.0, 0.0, 0.0, 0.0, 0.0, 0.0, 0.0, 0.0, 1.0, 0.0, 0.0, 0.0, 0.0, 0.0, 0.0, 0.0, 0.0, 0.0, 0.0, 0.0, 0.0, 0.0, 0.0, 0.0, 0.0, 0.0, 0.0, 0.0, 0.0, 0.0, 0.0, 0.0, 0.0, 0.0, 0.0, 0.0, 0.0, 1.0, 0.0, 0.0, 0.0, 0.0, 0.0, 0.0, 0.0, 0.0, 0.0, 0.0, 0.0, 0.0, 0.0, 0.0, 0.0, 0.0, 0.0, 0.0, 0.0, 1.0], "bins": [-0.07403092086315155, -0.07105860114097595, -0.06808628141880035, -0.06511396914720535, -0.062141649425029755, -0.059169329702854156, -0.05619701370596886, -0.05322469770908356, -0.05025237798690796, -0.04728005826473236, -0.04430774226784706, -0.04133542627096176, -0.03836310654878616, -0.035390786826610565, -0.032418470829725266, -0.029446152970194817, -0.026473835110664368, -0.02350151725113392, -0.02052919939160347, -0.01755688153207302, -0.014584563672542572, -0.011612245813012123, -0.008639927953481674, -0.005667610093951225, -0.0026952922344207764, 0.00027702562510967255, 0.0032493434846401215, 0.00622166134417057, 0.00919397920370102, 0.012166297063231468, 0.015138614922761917, 0.018110932782292366, 0.021083258092403412, 0.02405557595193386, 0.02702789381146431, 0.03000021167099476, 0.03297252953052521, 0.035944849252700806, 0.038917165249586105, 0.041889481246471405, 0.044861800968647, 0.0478341206908226, 0.0508064366877079, 0.0537787526845932, 0.0567510724067688, 0.0597233921289444, 0.06269571185112, 0.065668024122715, 0.0686403438448906, 0.07161266356706619, 0.0745849758386612, 0.07755729556083679, 0.08052961528301239, 0.08350193500518799, 0.08647425472736359, 0.08944656699895859, 0.09241888672113419, 0.09539120644330978, 0.09836351871490479, 0.10133583843708038, 0.10430815815925598, 0.10728047788143158, 0.11025279760360718, 0.11322510987520218, 0.11619742959737778]}, "_timestamp": 1654970892, "_runtime": 263, "gradients/fc.weight": {"_type": "histogram", "values": [2.0, 0.0, 0.0, 1.0, 2.0, 2.0, 0.0, 5.0, 2.0, 9.0, 4.0, 7.0, 14.0, 14.0, 13.0, 14.0, 35.0, 30.0, 52.0, 69.0, 84.0, 117.0, 170.0, 194.0, 220.0, 274.0, 311.0, 410.0, 469.0, 578.0, 692.0, 750.0, 835.0, 885.0, 572.0, 504.0, 475.0, 361.0, 367.0, 324.0, 286.0, 209.0, 196.0, 162.0, 116.0, 98.0, 84.0, 58.0, 38.0, 37.0, 21.0, 15.0, 12.0, 18.0, 5.0, 5.0, 4.0, 2.0, 0.0, 5.0, 0.0, 1.0, 0.0, 1.0], "bins": [-0.16431845724582672, -0.159320667386055, -0.15432286262512207, -0.14932507276535034, -0.1443272829055786, -0.1393294781446457, -0.13433168828487396, -0.12933388352394104, -0.12433609366416931, -0.11933829635381699, -0.11434050649404526, -0.10934270918369293, -0.1043449118733406, -0.09934711456298828, -0.09434932470321655, -0.08935152739286423, -0.0843537375330925, -0.07935594022274017, -0.07435815036296844, -0.06936035305261612, -0.0643625557422638, -0.05936476215720177, -0.05436696857213974, -0.049369171261787415, -0.044371381402015686, -0.03937358781695366, -0.034375790506601334, -0.029377996921539307, -0.02438020147383213, -0.019382406026124954, -0.014384612441062927, -0.009386815130710602, -0.004389017820358276, 0.0006087771616876125, 0.0056065721437335014, 0.010604366660118103, 0.01560216210782528, 0.020599957555532455, 0.025597751140594482, 0.030595548450946808, 0.03559334576129913, 0.04059113934636116, 0.045588936656713486, 0.05058673024177551, 0.05558452755212784, 0.060582321137189865, 0.06558011472225189, 0.07057791203260422, 0.07557570189237595, 0.08057349920272827, 0.0855712890625, 0.09056908637285233, 0.09556688368320465, 0.10056467354297638, 0.1055624708533287, 0.11056026816368103, 0.11555805802345276, 0.12055585533380508, 0.1255536526441574, 0.13055144250392914, 0.13554923236370087, 0.1405470371246338, 0.14554482698440552, 0.15054261684417725, 0.15554042160511017]}, "_step": 0, "_wandb": {"runtime": 282}}