{"precision": 0.6266666650772095, "recall": 0.5083333253860474, "_timestamp": 1655056421, "_runtime": 47, "_step": 7, "_wandb": {"runtime": 50}}