{"precision": 0.09444444626569748, "recall": 0.12222222238779068, "_timestamp": 1655031789, "_runtime": 12, "_step": 0, "_wandb": {"runtime": 12}}