{"precision_recall": [0.6642857193946838, 0.6909090876579285], "_timestamp": 1654971392, "_runtime": 283, "_step": 107, "gradients/fc.bias": {"_type": "histogram", "values": [1.0, 0.0, 0.0, 0.0, 0.0, 0.0, 0.0, 0.0, 0.0, 0.0, 0.0, 0.0, 0.0, 0.0, 0.0, 0.0, 0.0, 0.0, 0.0, 0.0, 0.0, 0.0, 0.0, 0.0, 0.0, 0.0, 0.0, 0.0, 0.0, 0.0, 0.0, 0.0, 1.0, 0.0, 0.0, 0.0, 0.0, 0.0, 0.0, 0.0, 0.0, 0.0, 0.0, 0.0, 0.0, 0.0, 0.0, 0.0, 0.0, 0.0, 0.0, 0.0, 0.0, 0.0, 1.0, 0.0, 0.0, 0.0, 0.0, 0.0, 1.0, 0.0, 0.0, 1.0], "bins": [-0.11886051297187805, -0.11604682356119156, -0.11323313415050507, -0.11041943728923798, -0.10760574787855148, -0.10479205846786499, -0.1019783690571785, -0.099164679646492, -0.09635098278522491, -0.09353729337453842, -0.09072360396385193, -0.08790990710258484, -0.08509621769189835, -0.08228252828121185, -0.07946883887052536, -0.07665514945983887, -0.07384146004915237, -0.07102777063846588, -0.06821408122777939, -0.0654003918170929, -0.0625866949558258, -0.05977300554513931, -0.05695931613445282, -0.05414562672376633, -0.051331937313079834, -0.04851824790239334, -0.04570455476641655, -0.04289086535573006, -0.040077172219753265, -0.03726348280906677, -0.03444979339838028, -0.03163610398769379, -0.028822414577007294, -0.02600872330367565, -0.02319503203034401, -0.020381342619657516, -0.017567651346325874, -0.014753960072994232, -0.01194027066230774, -0.009126579388976097, -0.0063128843903541565, -0.0034991935826838017, -0.0006855027750134468, 0.0021281875669956207, 0.004941878840327263, 0.007755570113658905, 0.010569259524345398, 0.01338295079767704, 0.016196638345718384, 0.019010329619050026, 0.021824020892381668, 0.02463771030306816, 0.027451401576399803, 0.030265092849731445, 0.03307878226041794, 0.03589247167110443, 0.03870616480708122, 0.041519854217767715, 0.04433354735374451, 0.047147236764431, 0.04996092617511749, 0.052774619311094284, 0.05558830872178078, 0.05840200185775757, 0.06121569126844406]}, "gradients/fc.weight": {"_type": "histogram", "values": [1.0, 0.0, 1.0, 1.0, 0.0, 0.0, 1.0, 0.0, 0.0, 1.0, 3.0, 1.0, 0.0, 3.0, 6.0, 6.0, 8.0, 12.0, 17.0, 28.0, 23.0, 36.0, 44.0, 52.0, 59.0, 65.0, 78.0, 97.0, 111.0, 118.0, 152.0, 171.0, 221.0, 236.0, 357.0, 395.0, 479.0, 602.0, 741.0, 912.0, 1022.0, 1089.0, 947.0, 665.0, 416.0, 291.0, 216.0, 149.0, 117.0, 100.0, 54.0, 40.0, 26.0, 25.0, 11.0, 11.0, 7.0, 4.0, 2.0, 3.0, 2.0, 1.0, 0.0, 4.0], "bins": [-0.19247063994407654, -0.1875530630350113, -0.18263548612594604, -0.1777179092168808, -0.17280033230781555, -0.1678827553987503, -0.16296517848968506, -0.15804758667945862, -0.15313002467155457, -0.14821244776248932, -0.14329487085342407, -0.13837729394435883, -0.13345971703529358, -0.12854214012622833, -0.12362455576658249, -0.11870697885751724, -0.1137893944978714, -0.10887181758880615, -0.1039542406797409, -0.09903666377067566, -0.09411908686161041, -0.08920150995254517, -0.08428392559289932, -0.07936634868383408, -0.07444877177476883, -0.06953119486570358, -0.06461361795663834, -0.05969603732228279, -0.054778460413217545, -0.0498608835041523, -0.04494330286979675, -0.040025725960731506, -0.03510815650224686, -0.03019057959318161, -0.025273000821471214, -0.02035542204976082, -0.015437845140695572, -0.010520268231630325, -0.0056026894599199295, -0.0006851106882095337, 0.004232466220855713, 0.009150044061243534, 0.014067621901631355, 0.01898520067334175, 0.023902777582406998, 0.028820354491472244, 0.03373793512582779, 0.038655512034893036, 0.04357308894395828, 0.04849066585302353, 0.053408242762088776, 0.05832582339644432, 0.06324340403079987, 0.06816098093986511, 0.07307855784893036, 0.0779961347579956, 0.08291371166706085, 0.0878312885761261, 0.09274886548519135, 0.09766644239425659, 0.10258401930332184, 0.10750159621238708, 0.11241918057203293, 0.11733675748109818, 0.12225433439016342]}, "_wandb": {"runtime": 284}}