{"precision": 0.6340909004211426, "recall": 0.6916666626930237, "_timestamp": 1655032805, "_runtime": 238, "_step": 89, "gradients/fc.bias": {"_type": "histogram", "values": [1.0, 0.0, 0.0, 0.0, 0.0, 0.0, 0.0, 0.0, 0.0, 0.0, 0.0, 0.0, 0.0, 0.0, 0.0, 0.0, 0.0, 0.0, 0.0, 0.0, 0.0, 0.0, 0.0, 1.0, 0.0, 0.0, 0.0, 0.0, 0.0, 0.0, 0.0, 0.0, 0.0, 0.0, 0.0, 0.0, 0.0, 0.0, 0.0, 0.0, 0.0, 0.0, 0.0, 0.0, 0.0, 0.0, 0.0, 0.0, 0.0, 0.0, 1.0, 0.0, 1.0, 0.0, 0.0, 0.0, 0.0, 0.0, 0.0, 0.0, 0.0, 0.0, 0.0, 1.0], "bins": [-0.1775011420249939, -0.17285248637199402, -0.16820381581783295, -0.16355516016483307, -0.158906489610672, -0.15425783395767212, -0.14960917830467224, -0.14496052265167236, -0.1403118520975113, -0.1356631964445114, -0.13101452589035034, -0.12636587023735046, -0.12171720713376999, -0.11706854403018951, -0.11241988837718964, -0.10777122527360916, -0.10312256217002869, -0.09847389906644821, -0.09382523596286774, -0.08917658030986786, -0.08452791720628738, -0.07987925410270691, -0.07523059844970703, -0.07058193534612656, -0.06593327224254608, -0.06128460913896561, -0.05663594976067543, -0.051987290382385254, -0.04733862727880478, -0.042689964175224304, -0.03804130479693413, -0.03339264541864395, -0.028743982315063477, -0.02409532107412815, -0.019446659833192825, -0.0147979985922575, -0.010149337351322174, -0.0055006761103868484, -0.0008520148694515228, 0.0037966445088386536, 0.008445307612419128, 0.013093968853354454, 0.01774263009428978, 0.022391291335225105, 0.02703995257616043, 0.031688615679740906, 0.03633727505803108, 0.04098593443632126, 0.04563459753990173, 0.05028326064348221, 0.054931920021772385, 0.05958057940006256, 0.06422924250364304, 0.06887790560722351, 0.07352656126022339, 0.07817522436380386, 0.08282388746738434, 0.08747255057096481, 0.09212121367454529, 0.09676986932754517, 0.10141853243112564, 0.10606719553470612, 0.110715851187706, 0.11536451429128647, 0.12001317739486694]}, "gradients/fc.weight": {"_type": "histogram", "values": [2.0, 2.0, 0.0, 1.0, 4.0, 2.0, 8.0, 4.0, 11.0, 12.0, 15.0, 20.0, 21.0, 34.0, 36.0, 51.0, 46.0, 60.0, 105.0, 129.0, 127.0, 154.0, 162.0, 169.0, 195.0, 254.0, 262.0, 278.0, 292.0, 307.0, 330.0, 328.0, 381.0, 528.0, 681.0, 870.0, 775.0, 715.0, 599.0, 468.0, 409.0, 316.0, 268.0, 183.0, 163.0, 128.0, 79.0, 68.0, 48.0, 45.0, 21.0, 28.0, 15.0, 11.0, 4.0, 6.0, 2.0, 3.0, 1.0, 1.0, 1.0, 1.0, 0.0, 1.0], "bins": [-0.20953360199928284, -0.20332874357700348, -0.19712390005588531, -0.19091904163360596, -0.1847141981124878, -0.17850933969020844, -0.17230448126792908, -0.1660996377468109, -0.15989479422569275, -0.1536899358034134, -0.14748509228229523, -0.14128023386001587, -0.1350753903388977, -0.12887053191661835, -0.12266568094491959, -0.11646082997322083, -0.11025597155094147, -0.1040511205792427, -0.09784626960754395, -0.09164141118526459, -0.08543656766414642, -0.07923170924186707, -0.0730268582701683, -0.06682200729846954, -0.060617148876190186, -0.054412297904491425, -0.048207446932792664, -0.042002592235803604, -0.03579774126410484, -0.029592890292406082, -0.023388035595417023, -0.01718318462371826, -0.010978326201438904, -0.004773474298417568, 0.0014313776046037674, 0.007636230438947678, 0.013841081410646439, 0.0200459323823452, 0.02625078707933426, 0.03245563805103302, 0.038660481572151184, 0.044865332543849945, 0.051070183515548706, 0.057275038212537766, 0.06347988545894623, 0.06968474388122559, 0.07588959485292435, 0.08209444582462311, 0.08829930424690247, 0.09450415521860123, 0.10070900619029999, 0.10691386461257935, 0.11311870813369751, 0.11932356655597687, 0.12552842497825623, 0.1317332684993744, 0.13793811202049255, 0.1441429704427719, 0.15034781396389008, 0.15655267238616943, 0.1627575159072876, 0.16896237432956696, 0.1751672327518463, 0.18137207627296448, 0.18757693469524384]}, "_wandb": {"runtime": 237}}