{"precision": 0.5686869025230408, "recall": 0.46071428060531616, "_timestamp": 1655029434, "_runtime": 31, "_step": 8, "_wandb": {"runtime": 31}}