{"precision": 0.7771428227424622, "recall": 0.7083333134651184, "_timestamp": 1655029934, "_runtime": 349, "_step": 108, "gradients/fc.bias": {"_type": "histogram", "values": [1.0, 0.0, 0.0, 0.0, 0.0, 0.0, 0.0, 0.0, 0.0, 0.0, 0.0, 0.0, 0.0, 0.0, 0.0, 0.0, 0.0, 0.0, 0.0, 0.0, 0.0, 0.0, 0.0, 0.0, 0.0, 0.0, 0.0, 0.0, 0.0, 0.0, 0.0, 0.0, 0.0, 0.0, 0.0, 0.0, 0.0, 0.0, 0.0, 0.0, 0.0, 0.0, 0.0, 0.0, 0.0, 0.0, 0.0, 0.0, 0.0, 1.0, 0.0, 0.0, 0.0, 0.0, 0.0, 0.0, 0.0, 0.0, 1.0, 0.0, 0.0, 0.0, 1.0, 1.0], "bins": [-0.21226435899734497, -0.2077494114637375, -0.20323446393013, -0.19871950149536133, -0.19420455396175385, -0.18968960642814636, -0.18517465889453888, -0.1806597113609314, -0.17614474892616272, -0.17162980139255524, -0.16711485385894775, -0.16259989142417908, -0.1580849438905716, -0.1535699963569641, -0.14905504882335663, -0.14454010128974915, -0.14002513885498047, -0.13551019132137299, -0.1309952437877655, -0.12648028135299683, -0.12196533381938934, -0.11745038628578186, -0.11293543875217438, -0.1084204837679863, -0.10390554368495941, -0.09939059615135193, -0.09487564116716385, -0.09036069363355637, -0.08584573864936829, -0.0813307911157608, -0.07681584358215332, -0.07230088859796524, -0.06778594106435776, -0.06327099353075027, -0.058756038546562195, -0.05424109101295471, -0.04972613602876663, -0.04521118849515915, -0.04069623723626137, -0.036181285977363586, -0.03166633099317551, -0.027151379734277725, -0.022636428475379944, -0.01812147907912731, -0.01360652782022953, -0.009091576561331749, -0.004576627165079117, -6.167590618133545e-05, 0.0044532716274261475, 0.008968222886323929, 0.013483173213899136, 0.017998123541474342, 0.022513074800372124, 0.027028026059269905, 0.03154297545552254, 0.03605792671442032, 0.0405728779733181, 0.04508782923221588, 0.04960278049111366, 0.054117731750011444, 0.05863267928361893, 0.063147634267807, 0.06766258180141449, 0.07217752933502197, 0.07669248431921005]}, "gradients/fc.weight": {"_type": "histogram", "values": [2.0, 1.0, 2.0, 5.0, 4.0, 2.0, 5.0, 1.0, 9.0, 8.0, 7.0, 13.0, 19.0, 23.0, 27.0, 38.0, 29.0, 43.0, 49.0, 55.0, 62.0, 61.0, 70.0, 101.0, 103.0, 102.0, 106.0, 137.0, 120.0, 145.0, 144.0, 181.0, 194.0, 241.0, 296.0, 336.0, 397.0, 439.0, 587.0, 802.0, 947.0, 881.0, 783.0, 600.0, 545.0, 407.0, 298.0, 234.0, 148.0, 130.0, 93.0, 58.0, 41.0, 36.0, 27.0, 9.0, 9.0, 12.0, 2.0, 3.0, 2.0, 3.0, 2.0, 4.0], "bins": [-0.204820454120636, -0.19950485229492188, -0.19418923556804657, -0.18887363374233246, -0.18355801701545715, -0.17824241518974304, -0.17292681336402893, -0.16761119663715363, -0.16229557991027832, -0.1569799780845642, -0.1516643613576889, -0.1463487595319748, -0.1410331428050995, -0.13571754097938538, -0.13040193915367126, -0.12508632242679596, -0.11977072060108185, -0.11445511132478714, -0.10913950204849243, -0.10382390022277832, -0.09850828349590302, -0.0931926816701889, -0.0878770723938942, -0.08256146311759949, -0.07724586129188538, -0.07193025201559067, -0.06661464273929596, -0.06129903718829155, -0.05598342791199684, -0.05066781863570213, -0.04535221308469772, -0.040036603808403015, -0.034720972180366516, -0.029405362904071808, -0.02408975549042225, -0.01877414807677269, -0.013458538800477982, -0.008142929524183273, -0.0028273239731788635, 0.0024882853031158447, 0.00780390202999115, 0.013119510374963284, 0.018435118719935417, 0.023750726133584976, 0.029066335409879684, 0.03438194468617439, 0.0396975502371788, 0.04501315951347351, 0.05032876133918762, 0.05564437061548233, 0.06095997989177704, 0.06627558171749115, 0.07159119844436646, 0.07690680027008057, 0.08222240954637527, 0.08753801882266998, 0.09285362809896469, 0.0981692373752594, 0.10348484665155411, 0.10880045592784882, 0.11411605775356293, 0.11943167448043823, 0.12474727630615234, 0.13006287813186646, 0.13537849485874176]}, "Epochs": 0, "train_loss": 3.4068046152591704, "Train accuracy": 66.5125, "Validation accuracy": 70.0, "Matthews corr.coef: ": 0.6537577509880066, "F1 score: ": 0.699999988079071, "_wandb": {"runtime": 353}}