{"precision": 0.30000001192092896, "recall": 0.4333333373069763, "_timestamp": 1655053216, "_runtime": 51, "_step": 7, "_wandb": {"runtime": 53}}