{"gradients/fc.bias": {"_type": "histogram", "values": [1.0, 0.0, 0.0, 0.0, 0.0, 0.0, 0.0, 0.0, 0.0, 0.0, 0.0, 0.0, 0.0, 0.0, 0.0, 0.0, 0.0, 0.0, 0.0, 0.0, 0.0, 0.0, 0.0, 0.0, 0.0, 1.0, 0.0, 0.0, 0.0, 1.0, 0.0, 0.0, 0.0, 0.0, 0.0, 0.0, 0.0, 0.0, 0.0, 0.0, 0.0, 0.0, 0.0, 0.0, 0.0, 0.0, 0.0, 0.0, 0.0, 0.0, 1.0, 0.0, 0.0, 0.0, 0.0, 0.0, 0.0, 0.0, 0.0, 0.0, 0.0, 0.0, 0.0, 1.0], "bins": [-0.13134874403476715, -0.1274859756231308, -0.12362319976091385, -0.1197604238986969, -0.11589764803647995, -0.1120348796248436, -0.10817210376262665, -0.1043093353509903, -0.10044655948877335, -0.0965837836265564, -0.09272101521492004, -0.0888582393527031, -0.08499546349048615, -0.08113269507884979, -0.07726991921663284, -0.0734071433544159, -0.06954437494277954, -0.06568159908056259, -0.06181882694363594, -0.05795605480670929, -0.05409328266978264, -0.05023051053285599, -0.04636773467063904, -0.04250496253371239, -0.03864218294620514, -0.03477941080927849, -0.030916636809706688, -0.027053862810134888, -0.023191090673208237, -0.019328316673636436, -0.015465542674064636, -0.011602770537137985, -0.007739998400211334, -0.003877225099131465, -1.4451798051595688e-05, 0.0038483217358589172, 0.007711094804108143, 0.011573867872357368, 0.015436641871929169, 0.01929941400885582, 0.02316218614578247, 0.02702496014535427, 0.030887732282280922, 0.03475050628185272, 0.03861327841877937, 0.042476050555706024, 0.046338826417922974, 0.050201598554849625, 0.054064374417066574, 0.057927146553993225, 0.061789922416210175, 0.06565269827842712, 0.06951546669006348, 0.07337824255228043, 0.07724101841449738, 0.08110378682613373, 0.08496656268835068, 0.08882933855056763, 0.09269210696220398, 0.09655488282442093, 0.10041765868663788, 0.10428042709827423, 0.10814320296049118, 0.11200597882270813, 0.11586874723434448]}, "_timestamp": 1654970591, "_runtime": 34, "gradients/fc.weight": {"_type": "histogram", "values": [1.0, 0.0, 0.0, 0.0, 2.0, 3.0, 1.0, 3.0, 1.0, 4.0, 8.0, 6.0, 7.0, 13.0, 16.0, 13.0, 20.0, 34.0, 25.0, 41.0, 57.0, 56.0, 84.0, 80.0, 118.0, 122.0, 151.0, 156.0, 231.0, 263.0, 281.0, 301.0, 410.0, 407.0, 402.0, 462.0, 453.0, 511.0, 527.0, 564.0, 537.0, 512.0, 464.0, 488.0, 408.0, 366.0, 327.0, 281.0, 251.0, 192.0, 174.0, 120.0, 71.0, 73.0, 45.0, 34.0, 22.0, 15.0, 6.0, 10.0, 4.0, 4.0, 1.0, 1.0], "bins": [-0.20110715925693512, -0.19584134221076965, -0.19057554006576538, -0.18530972301959991, -0.18004390597343445, -0.17477808892726898, -0.16951227188110352, -0.16424646973609924, -0.15898065268993378, -0.1537148356437683, -0.14844903349876404, -0.14318321645259857, -0.1379173994064331, -0.13265158236026764, -0.12738576531410217, -0.1221199631690979, -0.11685414612293243, -0.11158832907676697, -0.1063225194811821, -0.10105670988559723, -0.09579089283943176, -0.0905250757932663, -0.08525926619768143, -0.07999345660209656, -0.07472763955593109, -0.06946182250976562, -0.06419601291418076, -0.05893019959330559, -0.05366438627243042, -0.04839857295155525, -0.043132759630680084, -0.037866946309804916, -0.03260113298892975, -0.02733531966805458, -0.022069506347179413, -0.016803693026304245, -0.011537879705429077, -0.006272066384553909, -0.0010062530636787415, 0.004259560257196426, 0.009525373578071594, 0.014791186898946762, 0.02005700021982193, 0.025322813540697098, 0.030588626861572266, 0.035854440182447433, 0.0411202535033226, 0.04638606682419777, 0.05165188014507294, 0.056917693465948105, 0.06218350678682327, 0.06744931638240814, 0.07271513342857361, 0.07798095047473907, 0.08324676007032394, 0.08851256966590881, 0.09377838671207428, 0.09904420375823975, 0.10431001335382462, 0.10957582294940948, 0.11484163999557495, 0.12010745704174042, 0.12537327408790588, 0.13063907623291016, 0.13590489327907562]}, "_step": 0, "_wandb": {"runtime": 49}}