{"gradients/fc.bias": {"_type": "histogram", "values": [2.0, 0.0, 0.0, 0.0, 0.0, 0.0, 0.0, 0.0, 0.0, 0.0, 0.0, 0.0, 0.0, 0.0, 1.0, 0.0, 0.0, 0.0, 0.0, 0.0, 0.0, 1.0, 0.0, 0.0, 0.0, 0.0, 0.0, 0.0, 0.0, 0.0, 0.0, 0.0, 0.0, 0.0, 0.0, 0.0, 0.0, 0.0, 0.0, 0.0, 0.0, 0.0, 0.0, 0.0, 0.0, 0.0, 0.0, 0.0, 0.0, 0.0, 0.0, 0.0, 0.0, 0.0, 0.0, 0.0, 0.0, 0.0, 0.0, 0.0, 0.0, 0.0, 0.0, 1.0], "bins": [-0.07533419132232666, -0.07157990336418152, -0.06782561540603638, -0.06407133489847183, -0.06031704694032669, -0.05656275898218155, -0.05280847102403641, -0.049054186791181564, -0.04529990255832672, -0.04154561460018158, -0.037791330367326736, -0.034037042409181595, -0.03028275817632675, -0.02652847021818161, -0.022774184122681618, -0.019019898027181625, -0.015265610069036484, -0.011511323973536491, -0.007757037412375212, -0.004002750851213932, -0.00024846475571393967, 0.0035058222711086273, 0.00726010836660862, 0.011014394462108612, 0.014768682420253754, 0.018522968515753746, 0.02227725461125374, 0.02603154256939888, 0.029785826802253723, 0.033540114760398865, 0.037294402718544006, 0.04104868695139885, 0.04480297118425369, 0.048557259142398834, 0.05231154337525368, 0.05606583133339882, 0.05982011556625366, 0.0635744035243988, 0.06732869148254395, 0.07108297944068909, 0.07483725994825363, 0.07859154790639877, 0.08234583586454391, 0.08610011637210846, 0.0898544043302536, 0.09360869228839874, 0.09736298024654388, 0.10111726820468903, 0.10487155616283417, 0.10862584412097931, 0.11238013207912445, 0.116134412586689, 0.11988870054483414, 0.12364298850297928, 0.12739726901054382, 0.13115155696868896, 0.1349058449268341, 0.13866013288497925, 0.1424144208431244, 0.14616870880126953, 0.14992299675941467, 0.15367728471755981, 0.15743155777454376, 0.1611858457326889, 0.16494013369083405]}, "_timestamp": 1654970377, "_runtime": 34, "gradients/fc.weight": {"_type": "histogram", "values": [1.0, 0.0, 0.0, 0.0, 0.0, 1.0, 0.0, 0.0, 1.0, 1.0, 1.0, 2.0, 3.0, 2.0, 5.0, 10.0, 15.0, 12.0, 34.0, 30.0, 36.0, 58.0, 63.0, 104.0, 121.0, 143.0, 186.0, 213.0, 241.0, 331.0, 344.0, 427.0, 458.0, 524.0, 606.0, 667.0, 701.0, 683.0, 712.0, 684.0, 529.0, 436.0, 343.0, 256.0, 226.0, 190.0, 180.0, 157.0, 97.0, 101.0, 84.0, 78.0, 49.0, 24.0, 22.0, 16.0, 11.0, 9.0, 3.0, 3.0, 4.0, 1.0, 0.0, 1.0], "bins": [-0.2202855497598648, -0.2142549306154251, -0.2082243263721466, -0.2021937072277069, -0.1961630880832672, -0.19013246893882751, -0.184101864695549, -0.17807124555110931, -0.17204062640666962, -0.16601000726222992, -0.15997940301895142, -0.15394878387451172, -0.14791816473007202, -0.14188754558563232, -0.13585694134235382, -0.12982632219791412, -0.12379571050405502, -0.11776509881019592, -0.11173447966575623, -0.10570386797189713, -0.09967324882745743, -0.09364263713359833, -0.08761201798915863, -0.08158140629529953, -0.07555079460144043, -0.06952018290758133, -0.06348956376314163, -0.05745895206928253, -0.051428332924842834, -0.045397721230983734, -0.039367105811834335, -0.033336490392684937, -0.02730587124824524, -0.02127525582909584, -0.015244641341269016, -0.009214026853442192, -0.0031834114342927933, 0.0028472039848566055, 0.008877817541360855, 0.014908432960510254, 0.02093905210494995, 0.02696966752409935, 0.03300028294324875, 0.03903089463710785, 0.045061513781547546, 0.05109212547540665, 0.057122740894556046, 0.06315335631370544, 0.06918396800756454, 0.07521457970142365, 0.08124519884586334, 0.08727581053972244, 0.09330642968416214, 0.09933704137802124, 0.10536766052246094, 0.11139827221632004, 0.11742888391017914, 0.12345949560403824, 0.12949010729789734, 0.13552072644233704, 0.14155134558677673, 0.14758196473121643, 0.15361256897449493, 0.15964318811893463, 0.16567380726337433]}, "_step": 0, "_wandb": {"runtime": 51}}