{"precision": 0.12916666269302368, "recall": 0.2111111283302307, "_timestamp": 1655031709, "_runtime": 10, "_step": 0, "_wandb": {"runtime": 12}}