{"precision": 0.5683333277702332, "recall": 0.4388744533061981, "_timestamp": 1655032435, "_runtime": 50, "_step": 15, "gradients/fc.bias": {"_type": "histogram", "values": [1.0, 0.0, 0.0, 0.0, 0.0, 0.0, 0.0, 0.0, 0.0, 0.0, 0.0, 0.0, 0.0, 0.0, 1.0, 1.0, 0.0, 0.0, 0.0, 0.0, 0.0, 0.0, 0.0, 0.0, 0.0, 0.0, 0.0, 0.0, 0.0, 0.0, 0.0, 0.0, 0.0, 0.0, 0.0, 0.0, 0.0, 0.0, 0.0, 0.0, 0.0, 0.0, 0.0, 0.0, 1.0, 0.0, 0.0, 0.0, 0.0, 0.0, 0.0, 0.0, 0.0, 0.0, 0.0, 0.0, 0.0, 0.0, 0.0, 0.0, 0.0, 0.0, 0.0, 1.0], "bins": [-0.0871746689081192, -0.08401157706975937, -0.08084848523139954, -0.0776853933930397, -0.07452230155467987, -0.07135920226573944, -0.0681961178779602, -0.06503301858901978, -0.06186992675065994, -0.05870683491230011, -0.05554374307394028, -0.052380651235580444, -0.04921755567193031, -0.04605446383357048, -0.04289137199521065, -0.039728276431560516, -0.03656518831849098, -0.03340209648013115, -0.030239002779126167, -0.027075910940766335, -0.023912817239761353, -0.02074972540140152, -0.017586633563041687, -0.014423539862036705, -0.011260449886322021, -0.008097357116639614, -0.004934264812618494, -0.001771172508597374, 0.0013919202610850334, 0.004555013030767441, 0.0077181048691272736, 0.010881198570132256, 0.014044292271137238, 0.01720738410949707, 0.020370477810502052, 0.023533569648861885, 0.026696663349866867, 0.0298597551882267, 0.03302284702658653, 0.036185942590236664, 0.0393490344285965, 0.04251212626695633, 0.04567521810531616, 0.048838309943675995, 0.052001405507326126, 0.05516449734568596, 0.05832758918404579, 0.06149068474769592, 0.06465376913547516, 0.06781686097383499, 0.07097995281219482, 0.07414304465055466, 0.07730613648891449, 0.08046923577785492, 0.08363232016563416, 0.08679541945457458, 0.08995851129293442, 0.09312160313129425, 0.09628469496965408, 0.09944778680801392, 0.10261087864637375, 0.10577397048473358, 0.10893706977367401, 0.11210016161203384, 0.11526325345039368]}, "gradients/fc.weight": {"_type": "histogram", "values": [2.0, 1.0, 1.0, 1.0, 0.0, 0.0, 1.0, 3.0, 4.0, 3.0, 2.0, 10.0, 13.0, 18.0, 31.0, 23.0, 26.0, 48.0, 62.0, 75.0, 76.0, 86.0, 118.0, 136.0, 173.0, 218.0, 246.0, 285.0, 307.0, 352.0, 404.0, 505.0, 528.0, 565.0, 614.0, 705.0, 693.0, 633.0, 552.0, 418.0, 368.0, 332.0, 283.0, 234.0, 205.0, 187.0, 142.0, 120.0, 92.0, 81.0, 64.0, 50.0, 31.0, 28.0, 27.0, 20.0, 8.0, 9.0, 5.0, 6.0, 4.0, 4.0, 0.0, 2.0], "bins": [-0.15707890689373016, -0.15258875489234924, -0.14809858798980713, -0.1436084359884262, -0.1391182690858841, -0.13462811708450317, -0.13013795018196106, -0.12564779818058014, -0.12115763127803802, -0.11666747182607651, -0.11217731237411499, -0.10768715292215347, -0.10319699347019196, -0.09870683401823044, -0.09421667456626892, -0.089726522564888, -0.08523636311292648, -0.08074620366096497, -0.07625604420900345, -0.07176588475704193, -0.06727572530508041, -0.0627855658531189, -0.05829541012644768, -0.05380525067448616, -0.04931509494781494, -0.044824935495853424, -0.04033477604389191, -0.03584461659193039, -0.03135445713996887, -0.026864299550652504, -0.022374141961336136, -0.01788398250937462, -0.013393819332122803, -0.008903659880161285, -0.004413501359522343, 7.665716111660004e-05, 0.004566816613078117, 0.009056976065039635, 0.013547133654356003, 0.01803729310631752, 0.022527456283569336, 0.027017615735530853, 0.03150777518749237, 0.03599793463945389, 0.040488094091415405, 0.04497825354337692, 0.04946840927004814, 0.05395856872200966, 0.05844872444868088, 0.0629388839006424, 0.06742904335260391, 0.07191920280456543, 0.07640936225652695, 0.08089952170848846, 0.08538967370986938, 0.0898798406124115, 0.09436999261379242, 0.09886015206575394, 0.10335031151771545, 0.10784047096967697, 0.11233063042163849, 0.1168207898736, 0.12131094932556152, 0.12580110132694244, 0.13029126822948456]}, "_wandb": {"runtime": 49}}