{"precision": 0.8128571510314941, "recall": 0.7383333444595337, "_timestamp": 1655033611, "_runtime": 343, "_step": 108, "gradients/fc.bias": {"_type": "histogram", "values": [1.0, 0.0, 1.0, 0.0, 0.0, 1.0, 0.0, 0.0, 0.0, 0.0, 1.0, 0.0, 0.0, 0.0, 0.0, 0.0, 0.0, 0.0, 0.0, 0.0, 0.0, 0.0, 0.0, 0.0, 0.0, 0.0, 0.0, 0.0, 0.0, 0.0, 0.0, 0.0, 0.0, 0.0, 0.0, 0.0, 0.0, 0.0, 0.0, 0.0, 0.0, 0.0, 0.0, 0.0, 0.0, 0.0, 0.0, 0.0, 0.0, 0.0, 0.0, 0.0, 0.0, 0.0, 0.0, 0.0, 0.0, 0.0, 0.0, 0.0, 0.0, 0.0, 0.0, 1.0], "bins": [-0.036602236330509186, -0.03439107909798622, -0.032179925590753555, -0.02996876835823059, -0.027757612988352776, -0.02554645761847496, -0.023335300385951996, -0.02112414501607418, -0.018912989646196365, -0.01670183427631855, -0.01449067797511816, -0.01227952167391777, -0.010068366304039955, -0.00785721093416214, -0.00564605463296175, -0.00343489833176136, -0.001223742961883545, 0.0009874128736555576, 0.00319856870919466, 0.005409724544733763, 0.007620880380272865, 0.00983203575015068, 0.01204319205135107, 0.01425434835255146, 0.016465503722429276, 0.01867665909230709, 0.020887814462184906, 0.02309897169470787, 0.025310127064585686, 0.0275212824344635, 0.029732439666986465, 0.03194359689950943, 0.03415475785732269, 0.03636591508984566, 0.03857706859707832, 0.04078822582960129, 0.042999379336833954, 0.04521053656935692, 0.04742169380187988, 0.04963284730911255, 0.05184400454163551, 0.05405516177415848, 0.056266315281391144, 0.05847747251391411, 0.06068862974643707, 0.06289978325366974, 0.0651109367609024, 0.06732209771871567, 0.06953325122594833, 0.071744404733181, 0.07395556569099426, 0.07616671919822693, 0.0783778727054596, 0.08058902621269226, 0.08280018717050552, 0.08501134067773819, 0.08722250163555145, 0.08943365514278412, 0.09164481610059738, 0.09385596960783005, 0.09606712311506271, 0.09827828407287598, 0.10048943758010864, 0.10270059108734131, 0.10491174459457397]}, "gradients/fc.weight": {"_type": "histogram", "values": [1.0, 1.0, 0.0, 1.0, 0.0, 0.0, 0.0, 1.0, 1.0, 2.0, 9.0, 3.0, 5.0, 6.0, 9.0, 17.0, 20.0, 27.0, 24.0, 54.0, 71.0, 103.0, 104.0, 135.0, 214.0, 225.0, 301.0, 340.0, 460.0, 497.0, 653.0, 737.0, 885.0, 1046.0, 998.0, 708.0, 537.0, 395.0, 315.0, 250.0, 211.0, 163.0, 133.0, 120.0, 122.0, 79.0, 65.0, 54.0, 37.0, 24.0, 19.0, 22.0, 11.0, 8.0, 3.0, 3.0, 4.0, 1.0, 2.0, 0.0, 0.0, 1.0, 1.0, 2.0], "bins": [-0.14227089285850525, -0.1379738748073578, -0.13367684185504913, -0.12937982380390167, -0.12508279085159302, -0.12078577280044556, -0.1164887472987175, -0.11219172179698944, -0.10789469629526138, -0.10359767079353333, -0.09930064529180527, -0.09500361979007721, -0.09070660173892975, -0.0864095687866211, -0.08211255073547363, -0.07781552523374557, -0.07351849973201752, -0.06922147423028946, -0.0649244487285614, -0.06062742695212364, -0.056330401450395584, -0.052033375948667526, -0.04773635417222977, -0.04343932867050171, -0.03914230316877365, -0.03484527766704559, -0.030548254027962685, -0.026251230388879776, -0.021954204887151718, -0.01765717938542366, -0.013360155746340752, -0.009063132107257843, -0.004766121506690979, -0.00046909693628549576, 0.0038279276341199875, 0.00812495220452547, 0.012421976774930954, 0.016719002276659012, 0.02101602591574192, 0.02531304955482483, 0.029610075056552887, 0.033907100558280945, 0.038204126060009, 0.04250114783644676, 0.04679817333817482, 0.05109519883990288, 0.05539222061634064, 0.059689246118068695, 0.06398627161979675, 0.06828329712152481, 0.07258032262325287, 0.07687734812498093, 0.08117437362670898, 0.08547139167785645, 0.0897684171795845, 0.09406544268131256, 0.09836246818304062, 0.10265949368476868, 0.10695651918649673, 0.11125354468822479, 0.11555056273937225, 0.11984759569168091, 0.12414461374282837, 0.12844163179397583, 0.13273866474628448]}, "Epochs": 0, "train_loss": 3.7210081802060206, "Train accuracy": 63.141666666666666, "Validation accuracy": 0.7381272401433692, "Matthews corr.coef: ": 0.6997775435447693, "F1 score_train: ": 0.7666666507720947, "Cohen Kappa": 0.6934306621551514, "_wandb": {"runtime": 348}}