{"precision": 0.6727777719497681, "recall": 0.622619092464447, "_timestamp": 1655032271, "_runtime": 284, "_step": 107, "gradients/fc.bias": {"_type": "histogram", "values": [1.0, 0.0, 0.0, 0.0, 0.0, 0.0, 0.0, 0.0, 0.0, 0.0, 0.0, 0.0, 0.0, 0.0, 0.0, 0.0, 0.0, 0.0, 0.0, 0.0, 0.0, 0.0, 0.0, 0.0, 1.0, 0.0, 0.0, 0.0, 0.0, 0.0, 0.0, 0.0, 0.0, 0.0, 0.0, 0.0, 0.0, 0.0, 1.0, 0.0, 0.0, 0.0, 0.0, 0.0, 0.0, 0.0, 0.0, 0.0, 0.0, 0.0, 0.0, 0.0, 0.0, 0.0, 0.0, 0.0, 0.0, 0.0, 0.0, 0.0, 0.0, 0.0, 0.0, 2.0], "bins": [-0.12923026084899902, -0.12585638463497162, -0.12248250842094421, -0.11910863220691681, -0.1157347559928894, -0.112360879778862, -0.1089870035648346, -0.10561312735080719, -0.10223925113677979, -0.09886537492275238, -0.09549149870872498, -0.09211762249469757, -0.08874374628067017, -0.08536987006664276, -0.08199599385261536, -0.07862211763858795, -0.07524824142456055, -0.07187436521053314, -0.06850048899650574, -0.06512661278247833, -0.06175273656845093, -0.05837886035442352, -0.05500498414039612, -0.05163110792636871, -0.048257239162921906, -0.0448833629488945, -0.041509486734867096, -0.03813561052083969, -0.034761734306812286, -0.03138785809278488, -0.028013983741402626, -0.02464010752737522, -0.021266229450702667, -0.017892353236675262, -0.014518477022647858, -0.011144601739943027, -0.007770725525915623, -0.0043968502432107925, -0.0010229740291833878, 0.002350902184844017, 0.005724780261516571, 0.009098656475543976, 0.01247253268957138, 0.015846408903598785, 0.01922028511762619, 0.022594159469008446, 0.02596803568303585, 0.029341911897063255, 0.03271578624844551, 0.036089662462472916, 0.03946353867650032, 0.042837414890527725, 0.04621129110455513, 0.049585163593292236, 0.05295903980731964, 0.056332916021347046, 0.05970679223537445, 0.06308066844940186, 0.06645454466342926, 0.06982842087745667, 0.07320229709148407, 0.07657617330551147, 0.07995004951953888, 0.08332392573356628, 0.08669780194759369]}, "gradients/fc.weight": {"_type": "histogram", "values": [1.0, 0.0, 0.0, 0.0, 0.0, 1.0, 0.0, 1.0, 0.0, 3.0, 0.0, 0.0, 1.0, 2.0, 3.0, 2.0, 7.0, 10.0, 10.0, 9.0, 8.0, 15.0, 14.0, 20.0, 31.0, 47.0, 65.0, 88.0, 82.0, 92.0, 134.0, 145.0, 218.0, 252.0, 317.0, 356.0, 392.0, 552.0, 637.0, 852.0, 1109.0, 1083.0, 786.0, 720.0, 602.0, 428.0, 342.0, 238.0, 181.0, 104.0, 89.0, 65.0, 39.0, 33.0, 15.0, 16.0, 7.0, 6.0, 3.0, 3.0, 3.0, 0.0, 0.0, 1.0], "bins": [-0.213099867105484, -0.2077883780002594, -0.2024768739938736, -0.197165384888649, -0.19185388088226318, -0.18654239177703857, -0.18123090267181396, -0.17591941356658936, -0.17060790956020355, -0.16529642045497894, -0.15998491644859314, -0.15467342734336853, -0.14936193823814392, -0.14405043423175812, -0.1387389451265335, -0.1334274411201477, -0.1281159520149231, -0.12280445545911789, -0.11749295890331268, -0.11218146979808807, -0.10686997324228287, -0.10155847668647766, -0.09624698758125305, -0.09093549102544785, -0.08562399446964264, -0.08031249791383743, -0.07500100135803223, -0.06968951225280762, -0.06437801569700241, -0.059066519141197205, -0.0537550263106823, -0.04844353348016739, -0.043132051825523376, -0.03782055526971817, -0.03250906243920326, -0.027197567746043205, -0.021886073052883148, -0.01657457835972309, -0.011263083666563034, -0.005951590836048126, -0.0006400942802429199, 0.004671400412917137, 0.009982895106077194, 0.015294389799237251, 0.02060588449239731, 0.025917379185557365, 0.031228873878717422, 0.03654036670923233, 0.04185186326503754, 0.04716335982084274, 0.05247485265135765, 0.05778634548187256, 0.06309784203767776, 0.06840933859348297, 0.07372082769870758, 0.07903232425451279, 0.084343820810318, 0.0896553173661232, 0.0949668139219284, 0.10027830302715302, 0.10558979958295822, 0.11090129613876343, 0.11621278524398804, 0.12152428179979324, 0.12683577835559845]}, "_wandb": {"runtime": 283}}