{"precision_recall": [0.7785714268684387, 0.8361111283302307], "_timestamp": 1654971736, "_runtime": 285, "_step": 107, "gradients/fc.bias": {"_type": "histogram", "values": [1.0, 0.0, 0.0, 0.0, 0.0, 0.0, 0.0, 0.0, 0.0, 0.0, 0.0, 0.0, 0.0, 0.0, 0.0, 0.0, 0.0, 0.0, 0.0, 0.0, 0.0, 0.0, 0.0, 0.0, 0.0, 0.0, 0.0, 0.0, 0.0, 0.0, 0.0, 0.0, 0.0, 0.0, 0.0, 0.0, 0.0, 0.0, 0.0, 0.0, 0.0, 0.0, 0.0, 1.0, 0.0, 0.0, 0.0, 0.0, 0.0, 0.0, 0.0, 0.0, 0.0, 0.0, 0.0, 0.0, 1.0, 1.0, 0.0, 0.0, 0.0, 0.0, 0.0, 1.0], "bins": [-0.17465324699878693, -0.17068643867969513, -0.16671961545944214, -0.16275280714035034, -0.15878599882125854, -0.15481919050216675, -0.15085238218307495, -0.14688555896282196, -0.14291875064373016, -0.13895194232463837, -0.13498511910438538, -0.13101831078529358, -0.12705150246620178, -0.12308469414710999, -0.11911787837743759, -0.1151510626077652, -0.1111842542886734, -0.1072174459695816, -0.10325063019990921, -0.09928381443023682, -0.09531700611114502, -0.09135019779205322, -0.08738338202238083, -0.08341656625270844, -0.07944975793361664, -0.07548294961452484, -0.07151613384485245, -0.06754931807518005, -0.06358250975608826, -0.05961569771170616, -0.055648885667324066, -0.05168207362294197, -0.047715261578559875, -0.04374844953417778, -0.039781637489795685, -0.03581482544541359, -0.031848013401031494, -0.0278812013566494, -0.023914389312267303, -0.019947577267885208, -0.015980765223503113, -0.012013953179121017, -0.008047141134738922, -0.004080329090356827, -0.00011351704597473145, 0.003853294998407364, 0.00782010704278946, 0.011786919087171555, 0.01575373113155365, 0.019720543175935745, 0.02368735522031784, 0.027654167264699936, 0.03162097930908203, 0.03558779135346413, 0.03955460339784622, 0.04352141544222832, 0.04748822748661041, 0.05145503953099251, 0.0554218515753746, 0.0593886636197567, 0.0633554756641388, 0.06732228398323059, 0.07128909975290298, 0.07525591552257538, 0.07922272384166718]}, "gradients/fc.weight": {"_type": "histogram", "values": [1.0, 0.0, 0.0, 0.0, 0.0, 0.0, 0.0, 0.0, 2.0, 0.0, 1.0, 3.0, 7.0, 7.0, 7.0, 6.0, 12.0, 18.0, 8.0, 33.0, 29.0, 36.0, 53.0, 56.0, 73.0, 84.0, 95.0, 104.0, 116.0, 150.0, 162.0, 160.0, 154.0, 170.0, 173.0, 240.0, 223.0, 259.0, 333.0, 430.0, 629.0, 1018.0, 1196.0, 1029.0, 864.0, 631.0, 475.0, 327.0, 283.0, 178.0, 133.0, 80.0, 74.0, 41.0, 22.0, 23.0, 16.0, 4.0, 6.0, 3.0, 1.0, 1.0, 0.0, 1.0], "bins": [-0.21116799116134644, -0.20598746836185455, -0.20080693066120148, -0.1956264078617096, -0.19044587016105652, -0.18526534736156464, -0.18008480966091156, -0.17490428686141968, -0.1697237491607666, -0.16454322636127472, -0.15936268866062164, -0.15418216586112976, -0.14900162816047668, -0.1438211053609848, -0.13864056766033173, -0.13346004486083984, -0.12827952206134796, -0.12309899181127548, -0.117918461561203, -0.11273793131113052, -0.10755740106105804, -0.10237687826156616, -0.09719634801149368, -0.0920158177614212, -0.08683528751134872, -0.08165475726127625, -0.07647422701120377, -0.07129369676113129, -0.0661131739616394, -0.06093263998627663, -0.055752113461494446, -0.05057158321142197, -0.045391060411930084, -0.040210530161857605, -0.035029999911785126, -0.029849473387002945, -0.024668943136930466, -0.019488412886857986, -0.014307884499430656, -0.009127356112003326, -0.003946825861930847, 0.0012337034568190575, 0.006414232775568962, 0.011594762094318867, 0.01677529141306877, 0.02195582166314125, 0.02713635005056858, 0.03231687843799591, 0.03749740868806839, 0.04267793893814087, 0.04785846918821335, 0.05303899571299553, 0.05821952596306801, 0.06340005993843079, 0.06858058273792267, 0.07376111298799515, 0.07894164323806763, 0.0841221734881401, 0.08930270373821259, 0.09448323398828506, 0.09966376423835754, 0.10484428703784943, 0.1100248172879219, 0.11520534753799438, 0.12038587778806686]}, "_wandb": {"runtime": 285}}