{"precision": 0.1472727358341217, "recall": 0.25909093022346497, "_timestamp": 1655047572, "_runtime": 13, "_step": 1, "_wandb": {"runtime": 14}}