{"precision": 0.6833333969116211, "recall": 0.7184615731239319, "_timestamp": 1655053120, "_runtime": 179, "_step": 31, "gradients/graph_3classifier.1.bias": {"_type": "histogram", "values": [2.0, 0.0, 0.0, 0.0, 0.0, 0.0, 0.0, 0.0, 0.0, 0.0, 0.0, 0.0, 0.0, 0.0, 0.0, 0.0, 0.0, 0.0, 0.0, 0.0, 0.0, 0.0, 0.0, 0.0, 0.0, 0.0, 0.0, 0.0, 0.0, 0.0, 0.0, 0.0, 0.0, 0.0, 1.0, 0.0, 0.0, 0.0, 0.0, 0.0, 0.0, 0.0, 0.0, 0.0, 0.0, 1.0, 0.0, 0.0, 0.0, 0.0, 0.0, 0.0, 0.0, 0.0, 0.0, 0.0, 0.0, 0.0, 0.0, 0.0, 0.0, 0.0, 0.0, 1.0], "bins": [-0.05981287732720375, -0.05774099379777908, -0.055669110268354416, -0.05359722673892975, -0.05152534320950508, -0.049453459680080414, -0.047381576150655746, -0.04530969262123108, -0.04323780909180641, -0.041165925562381744, -0.03909404203295708, -0.03702215850353241, -0.03495027497410774, -0.032878391444683075, -0.030806507915258408, -0.02873462438583374, -0.026662740856409073, -0.024590857326984406, -0.022518973797559738, -0.02044709026813507, -0.018375206738710403, -0.016303323209285736, -0.014231439679861069, -0.012159556150436401, -0.010087672621011734, -0.008015789091587067, -0.005943905562162399, -0.003872022032737732, -0.0018001385033130646, 0.0002717450261116028, 0.00234362855553627, 0.0044155120849609375, 0.006487399339675903, 0.00855928286910057, 0.010631166398525238, 0.012703049927949905, 0.014774933457374573, 0.01684681698679924, 0.018918700516223907, 0.020990584045648575, 0.023062467575073242, 0.02513435110449791, 0.027206234633922577, 0.029278118163347244, 0.03135000169277191, 0.03342188522219658, 0.035493768751621246, 0.037565652281045914, 0.03963753581047058, 0.04170941933989525, 0.043781302869319916, 0.04585318639874458, 0.04792506992816925, 0.04999695345759392, 0.052068836987018585, 0.05414072051644325, 0.05621260404586792, 0.05828448757529259, 0.060356371104717255, 0.06242825463414192, 0.06450013816356659, 0.06657202541828156, 0.06864390522241592, 0.07071578502655029, 0.07278767228126526]}, "gradients/graph_3classifier.1.weight": {"_type": "histogram", "values": [1.0, 1.0, 0.0, 0.0, 1.0, 0.0, 0.0, 1.0, 2.0, 2.0, 1.0, 5.0, 8.0, 9.0, 3.0, 10.0, 18.0, 15.0, 15.0, 29.0, 21.0, 32.0, 59.0, 51.0, 49.0, 69.0, 71.0, 86.0, 112.0, 145.0, 170.0, 166.0, 235.0, 280.0, 5604.0, 450.0, 345.0, 311.0, 253.0, 195.0, 167.0, 126.0, 105.0, 84.0, 67.0, 59.0, 39.0, 33.0, 35.0, 15.0, 13.0, 11.0, 8.0, 3.0, 1.0, 2.0, 4.0, 1.0, 0.0, 0.0, 1.0, 0.0, 0.0, 1.0], "bins": [-0.3493914008140564, -0.3393617570400238, -0.3293321430683136, -0.319302499294281, -0.3092728853225708, -0.2992432415485382, -0.289213627576828, -0.2791839838027954, -0.2691543698310852, -0.2591247260570526, -0.2490951120853424, -0.239065483212471, -0.2290358543395996, -0.2190062254667282, -0.2089765965938568, -0.19894695281982422, -0.18891732394695282, -0.17888769507408142, -0.16885806620121002, -0.15882843732833862, -0.14879880845546722, -0.13876917958259583, -0.12873953580856323, -0.11870991438627243, -0.10868027806282043, -0.09865064918994904, -0.08862102031707764, -0.07859139144420624, -0.06856176257133484, -0.05853212997317314, -0.048502497375011444, -0.038472868502140045, -0.028443247079849243, -0.018413618206977844, -0.008383987471461296, 0.001645643264055252, 0.011675272136926651, 0.02170490100979805, 0.03173453360795975, 0.041764162480831146, 0.05179378390312195, 0.06182341277599335, 0.07185304164886475, 0.08188267052173615, 0.09191229939460754, 0.10194192826747894, 0.11197156459093094, 0.12200119346380234, 0.13203082978725433, 0.14206045866012573, 0.15209008753299713, 0.16211971640586853, 0.17214934527873993, 0.18217897415161133, 0.19220861792564392, 0.20223823189735413, 0.21226787567138672, 0.22229750454425812, 0.23232713341712952, 0.24235676229000092, 0.2523863911628723, 0.2624160349369049, 0.2724456489086151, 0.2824752926826477, 0.2925049066543579]}, "_wandb": {"runtime": 182}}